Name,Handle,Timestamp,Verified,Content,Comments,Retweets,Likes,Analytics,Tags,Mentions,Emojis,Tweet ID
Donald J. Trump,@realDonaldTrump,2024-09-22T01:51:04.000Z,True,"THANK YOU, NORTH CAROLINA! #MAGA2024",9.2K,24K,190K,10M,['#MAGA2024'],[],[],tweet_id:1837670921689002168
Donald J. Trump,@realDonaldTrump,2024-09-21T17:48:52.000Z,True,"Hello everyone! I have something incredible to share today, as we are introducing the launch of our Official Trump Coins! The ONLY OFFICIAL coin designed by me‚Äîand proudly minted here in the U.S.A. The President Donald J. Trump First Edition Silver Medallion will be available",24K,26K,140K,25M,[],[],[],tweet_id:1837549569481285792
MELANIA TRUMP,@MELANIATRUMP,2024-09-20T12:02:35.000Z,True,https://melaniatrump.com,3.7K,10K,49K,2M,[],[],[],tweet_id:1837100037127438604
MELANIA TRUMP,@MELANIATRUMP,2024-09-10T12:02:17.000Z,True,https://melaniatrump.com,10K,36K,144K,8.3M,[],[],[],tweet_id:1833476085998063741
Elon Musk,@elonmusk,2024-09-04T15:41:11.000Z,True,,38K,138K,814K,54M,[],[],[],tweet_id:1831356844214042634
Donald J. Trump,@realDonaldTrump,2024-09-22T01:51:04.000Z,True,"THANK YOU, NORTH CAROLINA! #MAGA2024",9.2K,24K,190K,10M,['#MAGA2024'],[],[],tweet_id:1837670921689002168
Donald J. Trump,@realDonaldTrump,2024-09-21T17:48:52.000Z,True,"Hello everyone! I have something incredible to share today, as we are introducing the launch of our Official Trump Coins! The ONLY OFFICIAL coin designed by me‚Äîand proudly minted here in the U.S.A. The President Donald J. Trump First Edition Silver Medallion will be available",24K,26K,140K,25M,[],[],[],tweet_id:1837549569481285792
MELANIA TRUMP,@MELANIATRUMP,2024-09-20T12:02:35.000Z,True,https://melaniatrump.com,3.7K,10K,49K,2M,[],[],[],tweet_id:1837100037127438604
Donald J. Trump,@realDonaldTrump,2024-09-19T21:20:15.000Z,True,"I just learned that my newest book, SAVE AMERICA, is a New York Times BEST SELLER! No other book takes you behind the scenes like this coffee table book. I picked each photo, and I can tell you it is FANTASTIC. Get your copy today at https://45books.com.",15K,35K,215K,17M,[],[],[],tweet_id:1836877990724083850
Donald J. Trump,@realDonaldTrump,2024-09-19T15:26:50.000Z,True,,7.1K,40K,164K,10M,[],[],[],tweet_id:1836789051501740472
Donald J. Trump,@realDonaldTrump,2024-09-19T01:44:45.000Z,True,"THANK YOU, NEW YORK! #MAGA2024",17K,49K,335K,21M,['#MAGA2024'],[],[],tweet_id:1836582167276671365
Elon Musk,@elonmusk,2024-09-17T18:26:35.000Z,True,Your vote really matters!,13K,51K,342K,84M,[],[],[],tweet_id:1836109513516085519
Donald J. Trump,@realDonaldTrump,2024-09-18T02:26:56.000Z,True,"THANK YOU, MICHIGAN! #MAGA2024",9.7K,25K,166K,14M,['#MAGA2024'],[],[],tweet_id:1836230397375434767
Donald J. Trump,@realDonaldTrump,2024-09-17T17:56:43.000Z,True,Early Voting in Pennsylvania. GO VOTE. MAKE AMERICA GREAT AGAIN!!! DJT,12K,40K,277K,105M,[],[],[],tweet_id:1836101995444236619
Donald J. Trump,@realDonaldTrump,2024-09-17T17:50:49.000Z,True,"Your Automobile Insurance is up 73% ‚Äî VOTE FOR TRUMP, I‚ÄôLL CUT THAT NUMBER IN HALF!",29K,56K,371K,49M,[],[],[],tweet_id:1836100511960818044
Donald J. Trump,@realDonaldTrump,2024-09-17T02:47:42.000Z,True,"FIGHT, FIGHT, FIGHT!!!!!",16K,39K,241K,24M,[],[],[],tweet_id:1835873233133842760
Donald J. Trump,@realDonaldTrump,2024-09-16T18:57:49.000Z,True,"Join me live from Mar-A-Lago at 8:00PM Eastern, tonight on X Spaces. Set a reminder and be sure to tune in!",9.5K,31K,122K,29M,[],[],[],tweet_id:1835754983259558260
Donald J. Trump,@realDonaldTrump,2024-09-16T16:30:45.000Z,True,"The Rhetoric, Lies, as exemplified by the false statements made by Comrade Kamala Harris during the rigged and highly partisan ABC Debate, and all of the ridiculous lawsuits specifically designed to inflict damage on Joe‚Äôs, then Kamala‚Äôs, Political Opponent, ME, has taken",29K,67K,327K,29M,[],[],[],tweet_id:1835717973069197484
Donald J. Trump,@realDonaldTrump,2024-09-16T16:29:08.000Z,True,"I would like to thank everyone for your concern and well wishes - It was certainly an interesting day! Most importantly, I want to thank the U.S. Secret Service, Sheriff Ric Bradshaw and his Office of brave and dedicated Patriots, and, all of Law Enforcement, for the incredible",24K,58K,525K,30M,[],[],[],tweet_id:1835717567907787035
Donald J. Trump,@realDonaldTrump,2024-09-15T13:52:15.000Z,True,"As President I will immediately end the migrant invasion of America. We will stop all migrant flights, end all illegal entries, terminate the Kamala phone app for smuggling illegals (CBP One App), revoke deportation immunity, suspend refugee resettlement, and return Kamala‚Äôs",37K,92K,561K,56M,[],[],[],tweet_id:1835315698169475316
Donald J. Trump,@realDonaldTrump,2024-09-14T15:18:12.000Z,True,,13K,34K,161K,18M,[],[],[],tweet_id:1834974939897582075
Donald J. Trump,@realDonaldTrump,2024-09-14T05:55:56.000Z,True,"THANK YOU, NEVADA! #MAGA2024",7.2K,29K,213K,13M,['#MAGA2024'],[],[],tweet_id:1834833442061611327
Donald J. Trump,@realDonaldTrump,2024-09-12T23:33:26.000Z,True,"THANK YOU, ARIZONA! #MAGA2024",11K,37K,280K,17M,['#MAGA2024'],[],[],tweet_id:1834374793577042006
Donald J. Trump,@realDonaldTrump,2024-09-12T19:21:40.000Z,True,.,8.6K,28K,134K,15M,[],['@WorldLibertyFi'],[],tweet_id:1834311432982135015
Donald J. Trump,@realDonaldTrump,2024-09-11T16:54:06.000Z,True,,27K,55K,287K,25M,[],[],[],tweet_id:1833911909692952960
MELANIA TRUMP,@MELANIATRUMP,2024-09-08T15:15:10.000Z,True,https://melaniatrump.com,11K,22K,89K,6.2M,[],[],[],tweet_id:1832799851064500510
National Fraternal Order of Police (FOP),@GLFOP,2024-09-06T18:30:37.000Z,True,"Our presidential endorsement process is thorough and inclusive, involving over 377,000 members across the nation. Today, it's a privilege to announce that the collective will of our members has led us to endorse Donald J. Trump for President. We're committed to supporting",26K,20K,75K,23M,[],[],[],tweet_id:1832124260313104895
Donald J. Trump,@realDonaldTrump,2024-09-09T03:44:14.000Z,True,Happy Birthday Mary!,24K,69K,669K,58M,[],[],[],tweet_id:1832988358932348976
Donald J. Trump,@realDonaldTrump,2024-08-26T21:37:01.000Z,True,,14K,54K,220K,21M,[],[],[],tweet_id:1828184902648393890
Donald J. Trump,@realDonaldTrump,2024-09-08T17:24:46.000Z,True,,4.9K,28K,110K,9.1M,[],[],[],tweet_id:1832832464047284580
Donald J. Trump,@realDonaldTrump,2024-09-07T03:30:57.000Z,True,COMRADE KAMALA HARRIS WAS GIVEN ONE IMPORTANT JOB AS VICE PRESIDENT‚Ä¶,8.9K,33K,122K,11M,[],[],[],tweet_id:1832260239044874481
Donald J. Trump,@realDonaldTrump,2024-09-07T03:07:34.000Z,True,COMRADE KAMALA'S MIGRANT CRIME WAVE‚Ä¶,6.9K,48K,188K,17M,[],[],[],tweet_id:1832254356747370874
Donald J. Trump,@realDonaldTrump,2024-09-07T03:01:50.000Z,True,HOW MUCH MORE YOU‚ÄôRE PAYING UNDER COMRADE KAMALA HARRIS‚Ä¶,10K,32K,128K,11M,[],[],[],tweet_id:1832252912678170940
Donald J. Trump,@realDonaldTrump,2024-09-08T01:17:43.000Z,True,"CEASE & DESIST: I, together with many Attorneys and Legal Scholars, am watching the Sanctity of the 2024 Presidential Election very closely because I know, better than most, the rampant Cheating and Skullduggery that has taken place by the Democrats in the 2020 Presidential",28K,69K,282K,32M,[],[],[],tweet_id:1832589096029450360
Donald J. Trump,@realDonaldTrump,2024-09-07T20:19:06.000Z,True,"A BEAUTIFUL AFTERNOON IN WISCONSIN, THANK YOU! #MAGA2024",10K,22K,144K,13M,['#MAGA2024'],[],[],tweet_id:1832513948039434549
MELANIA TRUMP,@MELANIATRUMP,2024-09-05T11:59:46.000Z,True,"My Story. 
My Perspective. 
The Truth. https://melaniatrump.com",15K,37K,174K,10M,[],[],[],tweet_id:1831663511639851414
Donald J. Trump,@realDonaldTrump,2024-09-07T03:30:57.000Z,True,COMRADE KAMALA HARRIS WAS GIVEN ONE IMPORTANT JOB AS VICE PRESIDENT‚Ä¶,8.9K,33K,122K,11M,[],[],[],tweet_id:1832260239044874481
Elon Musk,@elonmusk,2024-08-29T15:58:24.000Z,True,"The US Democratic Party as a whole has a massive incentive to bring in and legalize illegal immigrants, as they vote overwhelmingly Democrat. 

No grand conspiracy theory is needed. The simple incentive of winning elections explains why they won‚Äôt even deport criminals who",8.5K,23K,106K,6.1M,[],[],[],tweet_id:1829186852181409799
Donald J. Trump,@realDonaldTrump,2024-09-07T03:07:34.000Z,True,COMRADE KAMALA'S MIGRANT CRIME WAVE‚Ä¶,6.9K,48K,188K,17M,[],[],[],tweet_id:1832254356747370874
Donald J. Trump,@realDonaldTrump,2024-09-07T03:01:50.000Z,True,HOW MUCH MORE YOU‚ÄôRE PAYING UNDER COMRADE KAMALA HARRIS‚Ä¶,10K,32K,128K,11M,[],[],[],tweet_id:1832252912678170940
Donald J. Trump,@realDonaldTrump,2024-09-07T02:59:12.000Z,True,I am so honored to receive the Fraternal Order of Police official endorsement for President of the United States. Thank you!,8.3K,39K,218K,15M,[],[],[],tweet_id:1832252250355273855
Donald J. Trump,@realDonaldTrump,2024-09-05T21:15:31.000Z,True,"Today, it was my Great Honor to Address the storied Economic Club of New York!",9.9K,24K,134K,13M,[],[],[],tweet_id:1831803368928620840
Donald J. Trump,@realDonaldTrump,2024-09-05T14:40:27.000Z,True,,12K,65K,335K,26M,[],[],[],tweet_id:1831703950564671956
Donald J. Trump,@realDonaldTrump,2024-09-05T13:57:50.000Z,True,,6.8K,16K,73K,10M,[],[],[],tweet_id:1831693222713716856
Lex Fridman,@lexfridman,2024-09-03T16:46:22.000Z,True,"Here's my conversation with It's here on X in full, and is up everywhere else too. Links in comment.

Timestamps:0:00 - Introduction1:09 - Psychology of winning and losing3:51 - Politics is a dirty game5:28 - Business vs politics8:04 - War in Ukraine",5.9K,20K,84K,30M,[],[],[],tweet_id:1831010861248585738
Donald J. Trump,@realDonaldTrump,2024-09-03T22:21:03.000Z,True,"Jaclyn Schmitz, Step-Mother of Lance Corporal Jared Schmitz‚Ä¶",8.3K,25K,118K,14M,[],[],[],tweet_id:1831095087163707732
Donald J. Trump,@realDonaldTrump,2024-09-03T14:43:16.000Z,True,"Join me in Harrisburg, Pennsylvania for a Town Hall with  this Wednesday, September 4th at 5:30PM Eastern. Get your tickets below, look forward to seeing you there! #MAGA2024",5.7K,10K,51K,4.6M,['#MAGA2024'],['@SeanHannity'],[],tweet_id:1830979880969752629
Donald J. Trump,@realDonaldTrump,2024-09-03T03:34:24.000Z,True,"Join me in Harrisburg, Pennsylvania for a Town Hall with  this Wednesday, September 4th at 5:30PM Eastern. Get your tickets below, look forward to seeing you there! #MAGA2024",5.5K,12K,60K,5.6M,['#MAGA2024'],['@SeanHannity'],[],tweet_id:1830811557120413791
Donald J. Trump,@realDonaldTrump,2024-09-02T20:48:52.000Z,True,"Happy Labor Day to all of our American Workers who represent the Shining Example of Hard Work and Ingenuity. Under Comrade Kamala Harris, all Americans are suffering during this Holiday weekend ‚Äî High Gas Prices, Transportation Costs are up, and Grocery Prices are through the",11K,28K,167K,6.4M,[],[],[],tweet_id:1830709499629330533
Donald J. Trump,@realDonaldTrump,2024-09-02T16:10:33.000Z,True,,7.7K,31K,124K,13M,[],[],[],tweet_id:1830639458468950444
Donald J. Trump,@realDonaldTrump,2024-09-01T20:07:44.000Z,True,,7.1K,25K,186K,16M,[],[],[],tweet_id:1830336761513533776
Donald J. Trump,@realDonaldTrump,2024-09-01T20:00:49.000Z,True,"We grieve the senseless death of the Israeli Hostages, horrifically including a wonderful American Citizen, Hersh Goldberg-Polin, murdered by Hamas due to a complete lack of American Strength and Leadership. Make no mistake ‚Äî This happened because Comrade Kamala Harris and",16K,56K,279K,24M,[],[],[],tweet_id:1830335021187490133
Donald J. Trump,@realDonaldTrump,2024-09-01T19:58:43.000Z,True,"I want to thank the families of our Great Warriors who have been lost to us for the way they came together as one, and thanked me for attending, at their request, the Celebration of their wonderful family members who, because of the Incompetence of Kamala Harris and Joe Biden,",7.1K,35K,165K,9.6M,[],[],[],tweet_id:1830334491920937235
Donald J. Trump,@realDonaldTrump,2024-09-01T17:52:13.000Z,True,,12K,54K,333K,26M,[],[],[],tweet_id:1830302655832338707
Donald J. Trump,@realDonaldTrump,2024-09-01T17:48:32.000Z,True,,19K,89K,581K,54M,[],[],[],tweet_id:1830301728253878499
Donald J. Trump,@realDonaldTrump,2024-09-01T17:06:47.000Z,True,,8K,43K,216K,15M,[],[],[],tweet_id:1830291221820170749
Donald J. Trump,@realDonaldTrump,2024-09-01T02:58:19.000Z,True,,8.4K,27K,106K,13M,[],[],[],tweet_id:1830077698493788163
Donald J. Trump,@realDonaldTrump,2024-09-01T00:52:14.000Z,True,"Darin Hoover, Father of Staff Sgt. Taylor Hoover‚Ä¶",4.8K,34K,139K,8.5M,[],[],[],tweet_id:1830045970911867154
Donald J. Trump,@realDonaldTrump,2024-09-01T00:48:08.000Z,True,"Coral Doolittle, Mother of Corporal Humberto A. Sanchez‚Ä¶",2.5K,30K,119K,5.4M,[],[],[],tweet_id:1830044938148442601
Donald J. Trump,@realDonaldTrump,2024-09-01T00:46:05.000Z,True,"Steve Nikoui, Father of Lance Corporal Kareem M. Nikoui‚Ä¶",2.1K,30K,120K,5.5M,[],[],[],tweet_id:1830044423079530939
Donald J. Trump,@realDonaldTrump,2024-09-01T00:44:56.000Z,True,"Mark Schmitz, Father of Lance Corporal Jared M. Schmitz‚Ä¶",4K,47K,185K,15M,[],[],[],tweet_id:1830044131021762757
Donald J. Trump,@realDonaldTrump,2024-09-01T00:43:47.000Z,True,"Jim McCollum, Father of Lance Corporal Rylee McCollum‚Ä¶",2.5K,39K,158K,8.6M,[],[],[],tweet_id:1830043841983885343
Donald J. Trump,@realDonaldTrump,2024-09-01T00:42:43.000Z,True,"Herman Lopez, Father of Corporal Hunter Lopez‚Ä¶",2.1K,32K,132K,6.5M,[],[],[],tweet_id:1830043573124747613
Donald J. Trump,@realDonaldTrump,2024-09-01T00:41:17.000Z,True,"Christy Shamblin, Mother-In-Law of Sergeant Nicole Gee‚Ä¶",2.5K,30K,125K,7.6M,[],[],[],tweet_id:1830043214079774838
Donald J. Trump,@realDonaldTrump,2024-08-31T10:57:14.000Z,True,"Kamala Harris is the Weakest Presidential Candidate in History on Crime. She‚Äôs allowed millions of people to pour through our Borders, many from prisons, mental institutions and, indeed, terrorists, coming in at levels never seen before. What gives her the right to run for",21K,51K,290K,26M,[],[],[],tweet_id:1829835836268929277
Donald J. Trump,@realDonaldTrump,2024-08-31T10:52:45.000Z,True,"Think of it, America, Pocahontas, sometimes referred to as Elizabeth Warren, is considered far more Conservative in the U.S. Senate than Comrade Kamala Harris ever was. Is this really what we want to be President of the United States? She will only bring us Poverty, Chaos, and",8K,26K,151K,14M,[],[],[],tweet_id:1829834705325170977
Donald J. Trump,@realDonaldTrump,2024-08-31T04:58:17.000Z,True,"I look so forward to Debating Comrade Kamala Harris and exposing her for the fraud she is. Harris has changed every one of her long held positions, on everything. America will never allow an Election WEAPONIZING MARXIST TO BE PRESIDENT OF THE U.S.",16K,45K,315K,23M,[],[],[],tweet_id:1829745502440587304
Donald J. Trump,@realDonaldTrump,2024-08-31T04:47:26.000Z,True,"A great evening in Washington, D.C. with , thank you! #MAGA2024",4.8K,16K,85K,5.1M,['#MAGA2024'],['@Moms4Liberty'],[],tweet_id:1829742770988241037
Donald J. Trump,@realDonaldTrump,2024-08-31T00:29:20.000Z,True,COMRADE KAMALA: ‚ÄúMY VALUES HAVE NOT CHANGED.‚Äù,9.3K,40K,175K,15M,[],[],[],tweet_id:1829677817170444702
Donald J. Trump,@realDonaldTrump,2024-08-31T00:20:55.000Z,True,"I was thrilled to be back in the beautiful Commonwealth of Pennsylvania with thousands of proud, hardworking American Patriots‚Äî67 days from now, we are going to win Pennsylvania, we are going to defeat Comrade Kamala Harris, and we are going to win the White House!",6K,17K,103K,14M,[],[],[],tweet_id:1829675699013333165
Elon Musk,@elonmusk,2024-08-29T15:53:49.000Z,True,Please note that this is an actual statement from Kamala,35K,119K,611K,125M,[],[],[],tweet_id:1829185699184292285
Donald J. Trump,@realDonaldTrump,2024-08-30T03:40:21.000Z,True,"THANK YOU, WISCONSIN! #MAGA2024 ",6K,19K,120K,10M,['#MAGA2024'],['@TulsiGabbard'],[],tweet_id:1829363503515185371
Donald J. Trump,@realDonaldTrump,2024-08-29T22:28:37.000Z,True,"THANK YOU, MICHIGAN! #MAGA2024",6.9K,28K,191K,11M,['#MAGA2024'],[],[],tweet_id:1829285050208444821
Team Trump (Text TRUMP to 88022),@TeamTrump,2024-08-28T20:01:15.000Z,True,Kamala Harris DESTROYED the housing market. President Trump will make home ownership attainable for average Americans once again!,1.9K,7.2K,28K,1.5M,[],[],[],tweet_id:1828885576411472181
WLFI,@worldlibertyfi,2024-08-29T13:06:44.000Z,True, Thank you Mr. President,1.9K,6K,30K,3.1M,[],[],"['\\U0001f1fa\\U0001f1f8', '\\U0001fae1', '\\U0001f1fa\\U0001f1f8']",tweet_id:1829143649315361086
Donald J. Trump,@realDonaldTrump,2024-08-29T12:57:59.000Z,True,.,7.2K,17K,83K,12M,[],['@worldlibertyfi'],[],tweet_id:1829141447087648796
Donald J. Trump,@realDonaldTrump,2024-08-29T00:14:42.000Z,True,"Our campaign is not just about us versus Donald Trump. It is about two different visions for our nation: One focused on the future, the other on the past. 

We fight for the future.",8.9K,43K,165K,12M,[],[],[],tweet_id:1828949359448244304
Donald J. Trump,@realDonaldTrump,2024-08-28T21:01:26.000Z,True,,6.9K,22K,100K,11M,[],[],[],tweet_id:1828900722873905224
Donald J. Trump,@realDonaldTrump,2024-08-28T14:51:48.000Z,True,PERSECUTION OF A POLITICAL OPPONENT!,18K,41K,286K,30M,[],[],[],tweet_id:1828807702090330238
Donald J. Trump,@realDonaldTrump,2024-08-28T14:48:53.000Z,True,"I AGREE, THANK YOU‚ÄîTOGETHER, WE WILL MAKE AMERICA GREAT AGAIN!!!",4.3K,13K,91K,14M,[],[],[],tweet_id:1828806969370820734
Donald J. Trump,@realDonaldTrump,2024-08-28T02:46:03.000Z,True,"It is DOJ policy that the Department of Justice should not take any action that will influence an election within 60 days of that election ‚Äì but they just have taken such action. Voting starts on September 6th, therefore the DOJ has violated its own policy ‚Äì Election",14K,53K,236K,19M,[],[],[],tweet_id:1828625060187218292
Donald J. Trump,@realDonaldTrump,2024-08-28T02:11:19.000Z,True,"Even if aspiring homeowners save for years, it is often still not enough. 

My administration will provide first-time homebuyers with $25,000 to help with the down payment on a new home.",8.5K,42K,260K,28M,[],[],[],tweet_id:1828616319228391525
Donald J. Trump,@realDonaldTrump,2024-08-27T18:47:10.000Z,True,"Thank you,  and !",8.3K,53K,368K,15M,[],"['@RobertKennedyJr', '@TulsiGabbard']",[],tweet_id:1828504545405870150
Donald J. Trump,@realDonaldTrump,2024-08-27T17:26:27.000Z,True,You can make a BIG ELECTION IMPACT with a small time commitment! Join #TrumpForce47 at: https://trumpforce47.com.,4.2K,10K,48K,3.5M,['#TrumpForce47'],[],[],tweet_id:1828484235352821994
Shawn Ryan,@ShawnRyan762,2024-08-26T17:30:00.000Z,True,My interview with President Donald J. Trump.,2.7K,18K,69K,4M,[],['@realDonaldTrump'],[],tweet_id:1828122739309453761
Donald J. Trump,@realDonaldTrump,2024-08-26T22:26:47.000Z,True,"I have a FANTASTIC new Book coming out next week, ‚ÄúSAVE AMERICA.‚Äù I hand-selected every Photo, from my time in the White House, to our current third Campaign for President of the United States. A MUST HAVE on U.S. History, especially for America First Patriots - Get your copy now",13K,31K,179K,9.9M,[],[],[],tweet_id:1828197425171063275
Robert F. Kennedy Jr,@RobertKennedyJr,2024-08-25T20:58:15.000Z,True,"No mother should ever have to tell this story. As Border Czar, Vice President Harris failed America. I‚Äôm so sorry for your family's loss, Rachel.",4K,35K,174K,5.2M,[],[],[],tweet_id:1827812756923486553
Tulsi Gabbard,@TulsiGabbard,2024-08-26T20:20:38.000Z,True,"I was a Democrat for over 20 years. Today, I endorsed Donald Trump for President.   WATCH to hear why:",20K,81K,394K,15M,[],[],[],tweet_id:1828165678844850456
Donald J. Trump,@realDonaldTrump,2024-08-26T21:37:01.000Z,True,,14K,54K,220K,21M,[],[],[],tweet_id:1828184902648393890
Team Trump (Text TRUMP to 88022),@TeamTrump,2024-08-26T11:00:02.000Z,True,"PRESIDENT TRUMP: ""Three years ago, Kamala's and Biden's incompetence left 13 dead warriors, hundreds of civilians killed and grievously wounded, and $85 billion worth of the finest military equipment on the planet abandoned to the Taliban.""",3.2K,11K,43K,1.9M,[],[],[],tweet_id:1828024599487136047
Donald J. Trump,@realDonaldTrump,2024-08-26T01:58:38.000Z,True,,9.6K,50K,234K,16M,[],[],[],tweet_id:1827888352718110901
Donald J. Trump,@realDonaldTrump,2024-08-26T01:49:10.000Z,True,"As President, I will never waver in defense of America's security and ideals, because in the enduring struggle between democracy and tyranny, I know where I stand‚Äîand I know where the United States belongs.",3.7K,21K,85K,6.6M,[],[],[],tweet_id:1827885970932240809
Donald J. Trump,@realDonaldTrump,2024-08-26T00:03:53.000Z,True,"Kamala Harris was the leader of BANNING FRACKING IN THE UNITED STATES, and fought especially hard for No Fracking in Pennsylvania. The people of Pennsylvania are smart. She would devastate the Commonwealth, and they know it. They will VOTE FOR TRUMP!",7.1K,32K,177K,9.6M,[],[],[],tweet_id:1827859473735827683
Donald J. Trump,@realDonaldTrump,2024-08-25T19:51:50.000Z,True,"If you think things are expensive now, they will get 100 times WORSE if Kamala gets four years as President. Under her plan, Kamala will implement SOVIET Style Price Controls. She will abolish private health care, and make California's ridiculous tax policies the law of the land,",12K,47K,246K,12M,[],[],[],tweet_id:1827796042760560764
Donald J. Trump,@realDonaldTrump,2024-08-25T19:10:31.000Z,True,NO TAX ON TIPS!,6.9K,21K,92K,9.7M,[],[],[],tweet_id:1827785646645071958
Donald J. Trump,@realDonaldTrump,2024-08-25T19:08:10.000Z,True,Comrade Kamala will obliterate Social Security and Medicare by giving it away to the Millions of Illegal Immigrants who are infiltrating our Country!,8.1K,37K,197K,9.3M,[],[],[],tweet_id:1827785056498171950
Donald J. Trump,@realDonaldTrump,2024-08-25T19:06:57.000Z,True,"There will be no future under Comrade Kamala Harris, because she will take us into a Nuclear World War III! She will never be respected by the Tyrants of the World!",10K,33K,214K,13M,[],[],[],tweet_id:1827784751312142496
Donald J. Trump,@realDonaldTrump,2024-08-25T19:06:00.000Z,True,"Kamala and her ‚Äúhandlers‚Äù are trying to make it sound like I am the Incumbent President, so that they can blame me for the failure of the past four years. No, it was their failure! It is one of the worst Presidencies in History, and she is definitely the Worst Vice President.",10K,66K,360K,12M,[],[],[],tweet_id:1827784510249046393
Donald J. Trump,@realDonaldTrump,2024-08-25T16:08:03.000Z,True,NOVEMBER 5TH WILL BE THE MOST IMPORTANT DAY IN THE HISTORY OF AMERICA!,22K,64K,443K,38M,[],[],[],tweet_id:1827739726629024026
Donald J. Trump,@realDonaldTrump,2024-08-25T15:57:26.000Z,True,"Who is negotiating for us in the Middle East? Bombs are dropping all over the place! Sleepy Joe is sleeping on a Beach in California, viciously Exiled by the Democrats, and Comrade Kamala is doing a campaign bus tour with Tampon Tim, her really bad V.P. Pick. Let‚Äôs not have World",16K,71K,414K,31M,[],[],[],tweet_id:1827737056186954201
Donald J. Trump,@realDonaldTrump,2024-08-24T15:07:39.000Z,True,HAPPY ONE YEAR ANNIVERSARY! #MAGA,9.4K,42K,302K,14M,['#MAGA'],[],[],tweet_id:1827362138723151939
Donald J. Trump,@realDonaldTrump,2024-08-24T14:59:31.000Z,True,"If you love our former First Lady as much as me, and are ready for the Truth, buy her new book now!

MELANIA provides an insightful perspective of her tenure as First Lady of the United States, highlighting our shared experiences, her entrepreneurial achievements, plus the",6.8K,16K,95K,4.8M,[],[],[],tweet_id:1827360091927900379
Donald J. Trump,@realDonaldTrump,2024-08-24T01:25:57.000Z,True,MAKE AMERICA GREAT AGAIN!,14K,44K,266K,12M,[],[],[],tweet_id:1827155352498176251
Donald J. Trump,@realDonaldTrump,2024-08-23T20:52:28.000Z,True,#NoTaxOnTips #MAGA2024,5.6K,22K,136K,4.9M,"['#NoTaxOnTips', '#MAGA2024']",[],[],tweet_id:1827086527371079739
Donald J. Trump,@realDonaldTrump,2024-08-23T05:52:58.000Z,True,"As President, I will grow our economy.
 
And I‚Äôll lower the cost of everyday needs like healthcare, housing, and groceries.",9.6K,57K,268K,13M,[],[],[],tweet_id:1826860162591908076
Donald J. Trump,@realDonaldTrump,2024-08-23T04:22:58.000Z,True,"This election is not only the most important of our lives, it is one of the most important in the life of our nation.

In many ways, Donald Trump is an unserious man‚Äîbut the consequences of putting him back in the White House are extremely serious.

And we‚Äôre not going back.",8K,42K,197K,11M,[],[],[],tweet_id:1826837513232621746
Donald J. Trump,@realDonaldTrump,2024-08-23T01:55:59.000Z,True,"Thank you to  for all of your help and support in Georgia, where a win is so important to the success of our Party and, most importantly, our Country. 

I look forward to working with you, your team, and all of my friends in Georgia to help MAKE AMERICA GREAT AGAIN!",10K,21K,138K,10M,[],['@BrianKempGA'],[],tweet_id:1826800523280040166
Donald J. Trump,@realDonaldTrump,2024-08-22T21:40:51.000Z,True,"At the Democrat Convention, they said, ‚ÄúWe‚Äôve got 70 days to act right‚Ä¶After 70 days, we can go back to acting crazy!‚Äù What they mean is that they want to get Elected, and then destroy our Country with Radical Left, Marxist/Socialist Policies. We can‚Äôt let this happen and, if it",14K,61K,281K,11M,[],[],[],tweet_id:1826736315590918654
Trump War Room,@TrumpWarRoom,2024-08-22T20:12:06.000Z,True,"12-year-old Jocelyn Nungaray was viciously murdered by two illegal aliens released into our country by Kamala Harris just two months prior.

She would be alive today if Kamala had done her job.

Listen to her family's gut wrenching story.",2.7K,12K,44K,3.7M,[],[],[],tweet_id:1826713980829946027
Team Trump (Text TRUMP to 88022),@TeamTrump,2024-08-22T19:15:32.000Z,True,"LIVE: President Trump in Montezuma Pass, AZ

Text TRUMP to 88022",1K,6.2K,28K,1.8M,[],[],[],tweet_id:1826699745970073921
Theo Von,@TheoVon,2024-08-21T20:01:27.000Z,True,. | This Past Weekend #526,4K,18K,98K,42M,[],['@realDonaldTrump'],[],tweet_id:1826348914158829890
Donald J. Trump,@realDonaldTrump,2024-08-21T20:54:14.000Z,True,,10K,20K,115K,9.9M,[],[],[],tweet_id:1826362198102606184
Donald J. Trump,@realDonaldTrump,2024-08-21T14:38:26.000Z,True,,4.6K,21K,83K,3.6M,[],[],[],tweet_id:1826267622952010032
Donald J. Trump,@realDonaldTrump,2024-08-21T13:33:06.000Z,True,"And they go after me for NOTHING! 

‚ÄúBIDEN ENGAGED IN IMPEACHABLE CONDUCT‚Äù",9.4K,35K,150K,5.6M,[],[],[],tweet_id:1826251180797993191
Donald J. Trump,@realDonaldTrump,2024-08-19T03:17:34.000Z,True,,9.6K,42K,173K,8.3M,[],[],[],tweet_id:1825371499936501926
Donald J. Trump,@realDonaldTrump,2024-08-19T01:16:44.000Z,True,,15K,57K,216K,15M,[],[],[],tweet_id:1825341093094854989
Donald J. Trump,@realDonaldTrump,2024-08-18T19:20:37.000Z,True,‚ÄúKAMALA PUT VIOLENT ILLEGALS‚ÄîCONVICTED FELONS BACK ONTO THE STREETS.‚Äù,9.6K,36K,133K,6.4M,[],[],[],tweet_id:1825251471635665168
Donald J. Trump,@realDonaldTrump,2024-08-18T19:05:07.000Z,True,"‚ÄúI mean, the Trump team is right. The Supreme Court's made clear if there's an open immunity issue that needs to be litigated before anything else happens, and there's no good law enforcement reason why this sentencing has to take place prior to the election.‚Äù ",4.9K,23K,98K,6.2M,[],['@AndrewCMcCarthy'],[],tweet_id:1825247571553468692
Donald J. Trump,@realDonaldTrump,2024-08-18T11:50:16.000Z,True,,34K,120K,785K,81M,[],[],[],tweet_id:1825138139502878806
Donald J. Trump,@realDonaldTrump,2024-08-18T04:23:46.000Z,True,,9.2K,39K,187K,8.2M,[],[],[],tweet_id:1825025772341334386
Donald J. Trump,@realDonaldTrump,2024-08-18T03:43:55.000Z,True,,4.5K,26K,108K,5.1M,[],[],[],tweet_id:1825015745048203688
Donald J. Trump,@realDonaldTrump,2024-08-18T01:56:23.000Z,True,,8.3K,24K,127K,11M,[],[],[],tweet_id:1824988683667145046
Donald J. Trump,@realDonaldTrump,2024-08-17T18:08:37.000Z,True,RIP Corey Comperatore,7K,33K,201K,9.6M,[],[],['\\U0001f64f'],tweet_id:1824870965395734557
Donald J. Trump,@realDonaldTrump,2024-08-17T17:11:09.000Z,True,Kamala Harris: Weak. Failed. Dangerously Liberal. #MAGA2024,8.4K,35K,139K,5.8M,['#MAGA2024'],[],[],tweet_id:1824856503062237588
Donald J. Trump,@realDonaldTrump,2024-08-17T16:13:26.000Z,True,You can make a BIG ELECTION IMPACT with a small time commitment! Join #TrumpForce47 at: https://trumpforce47.com.,4.6K,13K,65K,3.7M,['#TrumpForce47'],[],[],tweet_id:1824841978707681662
Donald J. Trump,@realDonaldTrump,2024-08-17T16:02:13.000Z,True,"If you think things are expensive now, they will get 100 times WORSE if Kamala gets four years as President. Under her plan, Kamala will implement SOVIET Style Price Controls. She will abolish private health care, and make California's ridiculous tax policies the law of the land,",12K,58K,245K,10M,[],[],[],tweet_id:1824839155467145340
Donald J. Trump,@realDonaldTrump,2024-08-17T15:28:17.000Z,True,,6.3K,29K,117K,5.7M,[],[],[],tweet_id:1824830617017614728
Justin Wells,@justinbwells,2024-08-11T19:30:19.000Z,True,"At a time when corporate media and foreign governments are suppressing the truth, we're taking you closer to it. Our new, independent documentary series is the most honest look at the world of Donald Trump, taking you into his inner circle and campaign.

Here's a first look at",3.1K,15K,62K,5.2M,[],[],[],tweet_id:1822717200433655942
Donald J. Trump,@realDonaldTrump,2024-08-15T13:04:36.000Z,True,,35K,132K,927K,56M,[],[],[],tweet_id:1824069681868669045
Donald J. Trump,@realDonaldTrump,2024-08-13T18:45:07.000Z,True,,16K,42K,238K,45M,[],[],[],tweet_id:1823430600872878321
Donald J. Trump,@realDonaldTrump,2024-08-12T23:47:31.000Z,True,,323K,171K,725K,278M,[],[],[],tweet_id:1823144316014911820
Donald J. Trump,@realDonaldTrump,2024-08-12T21:54:50.000Z,True,MAKE AMERICA GREAT AGAIN! http://DONALDJTRUMP.COM,21K,83K,464K,21M,[],[],[],tweet_id:1823115957499310169
Donald J. Trump,@realDonaldTrump,2024-08-12T19:42:38.000Z,True,Join http://TrumpForce47.com today!,9.6K,47K,269K,13M,[],[],[],tweet_id:1823082686040211799
Donald J. Trump,@realDonaldTrump,2024-08-12T18:56:17.000Z,True,http://DONALDJTRUMP.COM,10K,60K,345K,14M,[],[],[],tweet_id:1823071024675717560
Donald J. Trump,@realDonaldTrump,2024-08-12T17:51:49.000Z,True,‚ÄúTRUMP WAS RIGHT ABOUT EVERYTHING!‚Äù http://DONALDJTRUMP.COM,12K,63K,305K,12M,[],[],[],tweet_id:1823054798586822981
Donald J. Trump,@realDonaldTrump,2024-08-12T17:17:33.000Z,True,MEET SAN FRANCISCO RADICAL KAMALA HARRIS! http://DONALDJTRUMP.COM,12K,69K,284K,12M,[],[],[],tweet_id:1823046173868831147
Donald J. Trump,@realDonaldTrump,2024-08-12T16:46:30.000Z,True,http://DONALDJTRUMP.COM,14K,72K,353K,16M,[],[],[],tweet_id:1823038360450924748
Donald J. Trump,@realDonaldTrump,2024-08-12T16:36:10.000Z,True,ENJOY!,24K,92K,541K,21M,[],[],[],tweet_id:1823035759655264697
Team Trump (Text TRUMP to 88022),@TeamTrump,2024-08-12T13:43:09.000Z,True,"President Trump will be interviewed by Elon Musk TONIGHT at 8 pm Eastern on ùïè.

Like this post to be notified when the interview begins.

IT WILL BE THE INTERVIEW OF THE CENTURY!

MAKE AMERICA GREAT AGAIN!#TrumpOnX",6.2K,33K,297K,9.2M,['#TrumpOnX'],[],[],tweet_id:1822992218803540433
Donald J. Trump,@realDonaldTrump,2024-08-12T16:32:03.000Z,True,"Are you better off now than you were when I was president?

Our economy is shattered. Our border has been erased. We're a nation in decline.

Make the American Dream AFFORDABLE again. Make America SAFE again. Make America GREAT Again!",59K,143K,802K,45M,[],[],[],tweet_id:1823034723867713700
Donald J. Trump,@realDonaldTrump,2024-08-12T15:19:21.000Z,True,,52K,172K,649K,49M,[],[],[],tweet_id:1823016427680358790
Donald J. Trump,@realDonaldTrump,2023-08-25T01:38:08.000Z,True,http://DONALDJTRUMP.COM,345K,497K,1.9M,331M,[],[],[],tweet_id:1694886846050771321
Donald J. Trump,@realDonaldTrump,2021-01-08T15:44:28.000Z,True,"To all of those who have asked, I will not be going to the Inauguration on January 20th.",339K,187K,730K,0,[],[],[],tweet_id:1347569870578266115
Donald J. Trump,@realDonaldTrump,2021-01-08T14:46:38.000Z,True,"The 75,000,000 great American Patriots who voted for me, AMERICA FIRST, and MAKE AMERICA GREAT AGAIN, will have a GIANT VOICE long into the future. They will not be disrespected or treated unfairly in any way, shape or form!!!",146K,132K,627K,0,[],[],[],tweet_id:1347555316863553542
Donald J. Trump,@realDonaldTrump,2021-01-08T00:10:24.000Z,True,,209K,215K,707K,0,[],[],[],tweet_id:1347334804052844550
Donald J. Trump,@realDonaldTrump,2021-01-06T20:13:26.000Z,True,"I am asking for everyone at the U.S. Capitol to remain peaceful. No violence! Remember, WE are the Party of Law & Order ‚Äì respect the Law and our great men and women in Blue. Thank you!",350K,256K,797K,0,[],[],[],tweet_id:1346912780700577792
Donald J. Trump,@realDonaldTrump,2021-01-06T19:38:58.000Z,True,Please support our Capitol Police and Law Enforcement. They are truly on the side of our Country. Stay peaceful!,173K,137K,569K,0,[],[],[],tweet_id:1346904110969315332
Donald J. Trump,@realDonaldTrump,2021-01-06T18:49:54.000Z,True,,35K,54K,247K,0,[],[],[],tweet_id:1346891760174329859
Donald J. Trump,@realDonaldTrump,2021-01-06T15:44:31.000Z,True,These scoundrels are only toying with the  (a great guy) vote. Just didn‚Äôt want to announce quite yet. They‚Äôve got as many ballots as are necessary. Rigged Election!,43K,39K,211K,0,[],['@sendavidperdue'],[],tweet_id:1346845109736845318
Donald J. Trump,@realDonaldTrump,2021-01-06T14:16:30.000Z,True,Even Mexico uses Voter I.D.,47K,74K,425K,0,[],[],[],tweet_id:1346822958006886400
Donald J. Trump,@realDonaldTrump,2021-01-06T14:15:07.000Z,True,The States want to redo their votes. They found out they voted on a FRAUD. Legislatures never approved. Let them do it. BE STRONG!,32K,48K,252K,0,[],[],[],tweet_id:1346822610957561858
Donald J. Trump,@realDonaldTrump,2021-01-06T14:00:12.000Z,True,"They just happened to find 50,000 ballots late last night. The USA is embarrassed by fools. Our Election Process is worse than that of third world countries!",52K,69K,310K,0,[],[],[],tweet_id:1346818855298072576
Donald J. Trump,@realDonaldTrump,2021-01-06T13:22:26.000Z,True,"THE REPUBLICAN PARTY AND, MORE IMPORTANTLY, OUR COUNTRY, NEEDS THE PRESIDENCY MORE THAN EVER BEFORE - THE POWER OF THE VETO. STAY STRONG!",43K,47K,278K,0,[],[],[],tweet_id:1346809349214248962
Donald J. Trump,@realDonaldTrump,2021-01-06T13:17:22.000Z,True,"States want to correct their votes, which they now know were based on irregularities and fraud, plus corrupt process never received legislative approval.  All Mike Pence has to do is send them back to the States, AND WE WIN. Do it Mike, this is a time for extreme courage!",28K,46K,203K,0,[],[],[],tweet_id:1346808075626426371
Donald J. Trump,@realDonaldTrump,2021-01-06T13:06:45.000Z,True,Sleepy Eyes Chuck Todd is so happy with the fake voter tabulation process that he can‚Äôt even get the words out straight. Sad to watch!,18K,25K,157K,0,[],[],[],tweet_id:1346805405998075905
Donald J. Trump,@realDonaldTrump,2021-01-06T06:00:50.000Z,True,"If Vice President  comes through for us, we will win the Presidency. Many States want to decertify the mistake they made in certifying incorrect & even fraudulent numbers in a process  NOT approved by their State Legislatures (which it must be). Mike can send it back!",64K,53K,220K,0,[],['@Mike_Pence'],[],tweet_id:1346698217304584192
Dan Scavino Jr.,@DanScavino,2021-01-05T22:30:25.000Z,True,WOW! We hear you from the West Wing‚ÄîTHANK YOU,9K,29K,132K,0,[],[],"['\\U0001f50a', '\\u2764\\ufe0f', '\\U0001f1fa\\U0001f1f8', '\\U0001f985']",tweet_id:1346584866964598785
Christina Bobb,@christina_bobb,2021-01-06T01:58:54.000Z,True,Pennsylvania is going to Trump.  The legislators have spoken.,15K,19K,114K,0,[],[],[],tweet_id:1346637334448631808
Donald J. Trump,@realDonaldTrump,2021-01-06T05:43:42.000Z,True,Get smart Republicans. FIGHT!,11K,18K,102K,0,[],[],[],tweet_id:1346693906990305280
Tomi Lahren,@TomiLahren,2021-01-06T03:10:01.000Z,True,I wonder when the water main is gonna burst in Georgia....,8.1K,8.5K,70K,0,[],[],[],tweet_id:1346655233531899905
Tomi Lahren,@TomiLahren,2021-01-06T04:06:23.000Z,True,Democrats scrounging up votes from mystical places again....,12K,11K,60K,0,[],[],[],tweet_id:1346669415304196096
Tomi Lahren,@TomiLahren,2021-01-06T04:25:07.000Z,True,The steal is in the making in Georgia. Wait for it.,10K,12K,81K,0,[],[],[],tweet_id:1346674133111865347
Kayleigh McEnany,@kayleighmcenany,2021-01-06T04:40:39.000Z,True,"Why are they stopping the vote count in Democrat Chatham county, Georgia?

This sounds familiar! ",17K,21K,106K,0,[],[],['\\U0001f928'],tweet_id:1346678041955676167
Donald J. Trump,@realDonaldTrump,2021-01-06T05:08:24.000Z,True,Just happened to have found another 4000 ballots from Fulton County. Here we go!,34K,46K,225K,0,[],[],[],tweet_id:1346685023861272580
Donald J. Trump,@realDonaldTrump,2021-01-06T03:28:36.000Z,True,Looks like they are setting up a big ‚Äúvoter dump‚Äù against the Republican candidates. Waiting to see how many votes they need?,48K,53K,237K,0,[],[],[],tweet_id:1346659909492998146
Donald J. Trump,@realDonaldTrump,2021-01-06T02:59:31.000Z,True,BIG NEWS IN PENNSYLVANIA!,16K,47K,194K,0,[],[],[],tweet_id:1346652589673345024
Rep. Jim Jordan,@Jim_Jordan,2021-01-05T18:09:31.000Z,True,"For nine weeks, Democrats have been afraid to have a real debate on election integrity. 

Why?",19K,26K,101K,0,[],[],[],tweet_id:1346519208558002176
Donald J. Trump,@realDonaldTrump,2021-01-05T22:43:07.000Z,True,I will be speaking at the SAVE AMERICA RALLY tomorrow on the Ellipse at 11AM Eastern. Arrive early ‚Äî doors open at 7AM Eastern. BIG CROWDS!,29K,32K,136K,0,[],[],[],tweet_id:1346588064026685443
Donald J. Trump,@realDonaldTrump,2021-01-05T22:25:08.000Z,True,"Antifa is a Terrorist Organization, stay out of Washington. Law enforcement is watching you very closely!       ",31K,45K,195K,0,[],"['@DeptofDefense', '@TheJusticeDept', '@DHSgov', '@DHS_Wolf', '@SecBernhardt', '@SecretService', '@FBI']",[],tweet_id:1346583537256976385
Donald J. Trump,@realDonaldTrump,2021-01-05T22:12:20.000Z,True,"I hope the Democrats, and even more importantly, the weak and ineffective RINO section of the Republican Party, are looking at the thousands of people pouring into D.C. They won‚Äôt stand for a landslide election victory to be stolen. @senatemajldr  ",27K,34K,144K,0,[],"['@JohnCornyn', '@SenJohnThune']",[],tweet_id:1346580318745206785
Donald J. Trump,@realDonaldTrump,2021-01-05T22:05:56.000Z,True,"Washington is being inundated with people who don‚Äôt want to see an election victory stolen by emboldened Radical Left Democrats. Our Country has had enough, they won‚Äôt take it anymore! We hear you (and love you) from the Oval Office. MAKE AMERICA GREAT AGAIN!",27K,50K,227K,0,[],[],[],tweet_id:1346578706437963777
Donald J. Trump,@realDonaldTrump,2021-01-05T19:25:27.000Z,True,GEORGIA! Get out today and VOTE for  and @Perduesenate!,12K,21K,121K,0,[],['@KLoeffler'],[],tweet_id:1346538317807034373
Donald J. Trump,@realDonaldTrump,2021-01-05T18:18:24.000Z,True,"Reports are coming out of the 12th Congressional District of Georgia that Dominion Machines are not working in certain Republican Strongholds for over an hour. Ballots are being left in lock boxes, hopefully they count them. Thank you Congressman !",22K,34K,136K,0,[],['@RickAllen'],[],tweet_id:1346521447649390606
David Perdue,@DavidPerdueGA,2021-01-05T15:10:25.000Z,True,"Thank you, . Go vote, Georgia!",3.8K,6.8K,40K,0,[],['@realDonaldTrump'],[],tweet_id:1346474136499994625
Kelly Loeffler,@KLoeffler,2021-01-05T15:35:10.000Z,True,"Georgia, we have a job to do TODAY. 

We have to STOP socialism. 

We have to PROTECT the American Dream. 

We have to SAVE our country! 

VOTE! #gapol #gasen",6.4K,7.2K,33K,0,"['#gapol', '#gasen']",[],[],tweet_id:1346480367948111873
Kelly Loeffler,@KLoeffler,2021-01-05T17:31:03.000Z,True,"It‚Äôs lunchtime. Have you voted yet? 

If you haven‚Äôt ‚Äî GO VOTE and bring 10 people know! 

If you have ‚Äî call your family, friends, and neighbors to make sure they have too! #gapol #gasen",4.7K,5.6K,29K,0,"['#gapol', '#gasen']",[],[],tweet_id:1346509531321430023
David Perdue,@DavidPerdueGA,2021-01-05T16:16:16.000Z,True,The Trump family is right ‚Äî we need YOU to get out and vote today to defend our majority and defend America! #GASen #gapol,3.4K,6.2K,29K,0,"['#GASen', '#gapol']",[],[],tweet_id:1346490711735214082
Donald J. Trump,@realDonaldTrump,2021-01-05T16:06:45.000Z,True,The Vice President has the power to reject fraudulently chosen electors.,80K,69K,309K,0,[],[],[],tweet_id:1346488314157797389
Donald J. Trump,@realDonaldTrump,2021-01-05T15:27:41.000Z,True,See you in D.C.,8.7K,14K,85K,0,[],[],[],tweet_id:1346478482105069568
Donald J. Trump,@realDonaldTrump,2021-01-05T15:02:22.000Z,True,"Georgia, get out and VOTE for two great Senators,  and . So important to do so!",12K,25K,150K,0,[],"['@KLoeffler', '@sendavidperdue']",[],tweet_id:1346472111603216385
Donald J. Trump,@realDonaldTrump,2021-01-05T14:50:49.000Z,True,"Pleased to announce that  &  have just joined our great #StopTheSteal group of Senators. They will fight the ridiculous Electoral College Certification of Biden. How do you certify numbers that have now proven to be wrong and, in many cases, fraudulent!",15K,25K,119K,0,['#StopTheSteal'],"['@KLoeffler', '@sendavidperdue']",[],tweet_id:1346469204740902915
Donald J. Trump,@realDonaldTrump,2021-01-05T03:55:47.000Z,True,,14K,17K,87K,0,[],[],[],tweet_id:1346304362730168320
Donald J. Trump,@realDonaldTrump,2021-01-05T03:55:39.000Z,True,,5.2K,14K,82K,0,[],[],[],tweet_id:1346304329301504002
Donald J. Trump,@realDonaldTrump,2021-01-05T03:55:26.000Z,True,,4K,12K,70K,0,[],[],[],tweet_id:1346304273425047553
Donald J. Trump,@realDonaldTrump,2021-01-05T03:55:15.000Z,True,,4K,11K,65K,0,[],[],[],tweet_id:1346304227635834881
Donald J. Trump,@realDonaldTrump,2021-01-05T03:40:18.000Z,True,https://pscp.tv/w/csKFZDEyMzE3NDF8MU95SkFFblllTk5KYin7ZbG5hndqbEy27bUnTj5L4vySHotzFeXv5QAa93Qq?t=1s‚Ä¶,8.4K,21K,100K,0,[],[],[],tweet_id:1346300462899875840
Donald J. Trump,@realDonaldTrump,2021-01-05T01:45:31.000Z,True,"On my way, see you soon!",13K,20K,130K,0,[],[],[],tweet_id:1346271579664220160
Donald J. Trump,@realDonaldTrump,2021-01-05T01:31:07.000Z,True,,6.4K,14K,68K,0,[],[],[],tweet_id:1346267953042497537
Donald J. Trump,@realDonaldTrump,2021-01-04T23:36:58.000Z,True,Heading to Georgia now. See you soon!,26K,25K,224K,0,[],[],[],tweet_id:1346239227827265537
Donald J. Trump,@realDonaldTrump,2021-01-04T15:45:46.000Z,True,"The ‚ÄúSurrender Caucus‚Äù within the Republican Party will go down in infamy as weak and ineffective ‚Äúguardians‚Äù of our Nation, who were willing to accept the certification of fraudulent presidential numbers!",39K,37K,155K,0,[],[],[],tweet_id:1346120645613150208
Donald J. Trump,@realDonaldTrump,2021-01-04T15:23:50.000Z,True,"‚ÄúWe are not acting to thwart the Democratic process, we are acting to protect it.‚Äù ",26K,34K,183K,0,[],['@SenRonJohnson'],[],tweet_id:1346115128719245313
Donald J. Trump,@realDonaldTrump,2021-01-04T15:13:10.000Z,True,"‚ÄúWe‚Äôve seen in the last few months, unprecedented amounts of Voter Fraud.‚Äù   True!",26K,32K,166K,0,[],['@SenTedCruz'],[],tweet_id:1346112444108836864
Donald J. Trump,@realDonaldTrump,2021-01-04T15:07:16.000Z,True,"How can you certify an election when the numbers being certified are verifiably WRONG. You will see the real numbers tonight during my speech, but especially on JANUARY 6th.  Republicans have pluses & minuses, but one thing is sure, THEY NEVER FORGET!",23K,33K,138K,0,[],['@SenTomCotton'],[],tweet_id:1346110956078817280
Donald J. Trump,@realDonaldTrump,2021-01-03T15:27:00.000Z,True,I will be there. Historic day!,20K,29K,125K,0,[],[],[],tweet_id:1345753534168506370
Donald J. Trump,@realDonaldTrump,2021-01-04T05:44:45.000Z,True,,12K,16K,71K,0,[],[],[],tweet_id:1345969395147923456
Donald J. Trump,@realDonaldTrump,2021-01-04T05:35:08.000Z,True,,5.9K,16K,65K,0,[],[],[],tweet_id:1345966975739191298
Donald J. Trump,@realDonaldTrump,2021-01-04T05:35:31.000Z,True,,4K,10K,46K,0,[],[],[],tweet_id:1345967072006828033
Donald J. Trump,@realDonaldTrump,2021-01-04T05:34:06.000Z,True,,5.6K,11K,54K,0,[],[],[],tweet_id:1345966715721674752
Donald J. Trump,@realDonaldTrump,2021-01-04T05:02:51.000Z,True,,7.4K,16K,63K,0,[],[],[],tweet_id:1345958851795951616
Donald J. Trump,@realDonaldTrump,2021-01-03T21:06:40.000Z,True,,19K,17K,75K,0,[],[],[],tweet_id:1345839016848068608
Donald J. Trump,@realDonaldTrump,2021-01-03T18:45:49.000Z,True,"Sorry, but the number of votes in the Swing States that we are talking about is VERY LARGE and totally OUTCOME DETERMINATIVE! Only the Democrats and some RINO‚ÄôS would dare dispute this - even though they know it is true!",46K,39K,189K,0,[],[],[],tweet_id:1345803569438597121
Donald J. Trump,@realDonaldTrump,2021-01-03T18:24:29.000Z,True,"The Swing States did not even come close to following the dictates of their State Legislatures. These States  ‚Äúelection laws‚Äù were made up by local judges & politicians, not by their Legislatures, & are therefore, before even getting to irregularities & fraud, UNCONSTITUTIONAL!",19K,32K,141K,0,[],[],[],tweet_id:1345798202650460162
Donald J. Trump,@realDonaldTrump,2021-01-03T18:24:30.000Z,True,....   @senatemajldr @GOPLeader & THE WORLD!,10K,10K,66K,0,[],"['@SenTedCruz', '@HawleyMO', '@Jim_Jordan']",[],tweet_id:1345798206471475204
Donald J. Trump,@realDonaldTrump,2021-01-03T17:08:03.000Z,True,Trump Speaks to State Legislators on Call About Decertifying Election https://breitbart.com/politics/2021/01/03/president-trump-joins-call-urging-state-legislators-to-review-evidence-and-consider-decertifying-unlawful-election-results/‚Ä¶ via ,15K,16K,74K,0,[],['@BreitbartNews'],[],tweet_id:1345778965064130563
Donald J. Trump,@realDonaldTrump,2021-01-03T17:01:01.000Z,True,,6.8K,17K,65K,0,[],[],[],tweet_id:1345777194644209667
Amy Kremer,@AmyKremer,2021-01-02T19:58:34.000Z,True,"We are excited to announce the site of our January 6th event will be The Ellipse in the President‚Äôs Park, just steps from the White House!

Join us January 6th, doors will open at 7am & you‚Äôll want to get there early!

RSVP @ http://TrumpMarch.com!#MarchForTrump #StopTheSteal",8.8K,10K,39K,0,"['#MarchForTrump', '#StopTheSteal']",[],[],tweet_id:1345459488107749386
Liz Willis,@LizWillis_,2021-01-02T19:11:28.000Z,True,"Arkansas, you were !
Next stop: Cape Girardeau, Mo. Bus Tour Livestream provided by .#JAN6 #StopTheSteal #MarchForTrump",3.5K,5.5K,25K,0,"['#JAN6', '#StopTheSteal', '#MarchForTrump']","['@america1stwomen', '@RSBNetwork']",['\\U0001f525'],tweet_id:1345447638309752834
Amy Kremer,@AmyKremer,2021-01-02T23:09:55.000Z,True,"Why are my own #GA Senators ‚Å¶‚Å© & ‚Å¶@Perduesenate‚Å© not supporting this effort?

‚Å¶‚Å© ‚Å¶‚Å© #DoNotCertify #StoptheSteal #MillionMagaMarch #JAN6 #GAsen #gagop",4.7K,6.5K,25K,0,"['#GA', '#DoNotCertify', '#StoptheSteal', '#MillionMagaMarch', '#JAN6', '#GAsen', '#gagop']","['@KLoeffler', '@SenatorLoeffler', '@sendavidperdue']",[],tweet_id:1345507643327193090
Amy Kremer,@AmyKremer,2021-01-02T23:36:57.000Z,True,Leaders!,2.4K,5.5K,24K,0,[],[],[],tweet_id:1345514447033536512
Donald J. Trump,@realDonaldTrump,2021-01-03T15:27:00.000Z,True,I will be there. Historic day!,20K,29K,125K,0,[],[],[],tweet_id:1345753534168506370
Amy Kremer,@AmyKremer,2021-01-03T03:17:29.000Z,True, My President,3.3K,6.1K,34K,0,[],[],['\\u2764\\ufe0f'],tweet_id:1345569946911256576
Amy Kremer,@AmyKremer,2021-01-03T03:24:41.000Z,True,They only had 5 people RSVP and Hunter wasn‚Äôt one of them...,2.1K,5K,22K,0,[],[],[],tweet_id:1345571760276721664
Amy Kremer,@AmyKremer,2021-01-03T04:06:13.000Z,True,The #MarchForTrump bus has gone to more states than Joe Biden has supporters!,2.4K,4.9K,26K,0,['#MarchForTrump'],[],[],tweet_id:1345582212847194112
Donald J. Trump,@realDonaldTrump,2021-01-03T15:25:02.000Z,True,Great!,2.8K,8.3K,48K,0,[],[],[],tweet_id:1345753039165124610
Amy Kremer,@AmyKremer,2021-01-03T13:30:10.000Z,True,"The #MarchForTrump bus rolls into Bowling Green today at 12 noon.

Senator , come join us & pledge to contest the electoral college for states in which we know there was voter fraud. 

We welcome you, Senator.#SaveAmerica #DoNotCertify #MillionMagaMarch #StopTheSteaI",1.9K,5.2K,23K,0,"['#MarchForTrump', '#SaveAmerica', '#DoNotCertify', '#MillionMagaMarch', '#StopTheSteaI']",['@RandPaul'],[],tweet_id:1345724133028601856
Sidney Powell Attorney & Author,@SidneyPowell1,2021-01-03T03:23:14.000Z,True,This ‚Äúelection‚Äù was stolen from the voters in a massive fraud that you & others are now complicit in. American elections are supposed to be completely auditable and transparent. #WeThePeople demand the Truth & the prosecutions of all who committed voter fraud. ,4.7K,16K,56K,0,['#WeThePeople'],['@realDonaldTrump'],[],tweet_id:1345571395921735680
Machiavelli,@TheRISEofROD,2021-01-03T05:58:41.000Z,True,We The People Refuse To Concede To A Fraudulent Election!!,3K,9.9K,48K,0,[],[],[],tweet_id:1345610514047627267
Secretary Pompeo,@SecPompeo,2021-01-03T13:00:02.000Z,True,,3.6K,11K,66K,0,[],[],[],tweet_id:1345716549412409346
Burgess Owens,@BurgessOwens,2021-01-03T03:21:21.000Z,True,"If you only do what's easy, you will seldom do what's right.",1.2K,6.6K,30K,0,[],[],[],tweet_id:1345570919587008514
Ron,@CodeMonkeyZ,2021-01-02T23:24:58.000Z,True,"42 U.S.C. 1974
Retention and preservation of records and papers by officers of elections; deposit with custodian; penalty for violationhttps://govinfo.gov/app/details/USCODE-2010-title42/USCODE-2010-title42-chap20-subchapII-sec1974/summary‚Ä¶",760,5.1K,19K,0,[],[],[],tweet_id:1345511430364168192
Ron,@CodeMonkeyZ,2021-01-03T03:58:48.000Z,True,Hillary canceled her fireworks show a few days before the 2016 General Election.,1.3K,7.5K,33K,0,[],[],[],tweet_id:1345580345987461120
Ron,@CodeMonkeyZ,2021-01-03T05:14:58.000Z,True,"If you are planning to attend peaceful protests in DC on the 6th, i recommend wearing a body camera. 
The more video angles of that day the better.",2K,14K,64K,0,[],[],[],tweet_id:1345599512560078849
Ron,@CodeMonkeyZ,2021-01-03T09:39:40.000Z,True,More interesting is that he suggests the inauguration date of January 20 can be extended.,1.5K,4.4K,19K,0,[],[],[],tweet_id:1345666127171489793
Evan Kilgore,@EvanAKilgore,2021-01-03T02:42:44.000Z,True,"There's a difference between not having the evidence and not hearing the evidence.

Pass it on.",2.8K,14K,53K,0,[],[],[],tweet_id:1345561202605359104
Jen Lawrence,@JenLawrence21,2021-01-03T05:17:41.000Z,True,We have been marching all around the country for you Mr President. Now we will bring it to DC on Jan 6 and PROUDLY stand beside you! Thank you for fighting for us !      @SamAdamsTPP,2.3K,5.6K,28K,0,[],"['@realDonaldTrump', '@america1stwomen', '@KylieJaneKremer', '@AmyKremer', '@DustinStockton', '@accordingtokeri']",[],tweet_id:1345600194826686464
Donald J. Trump,@realDonaldTrump,2021-01-03T15:11:48.000Z,True,"Something how Dr. Fauci is revered by the LameStream Media as such a great professional, having done, they say, such an incredible job, yet he works for me and the Trump Administration, and I am in no way given any credit for my work. Gee, could this just be more Fake News?",42K,24K,134K,0,[],[],[],tweet_id:1345749709592342530
Donald J. Trump,@realDonaldTrump,2021-01-03T14:20:33.000Z,True,"‚ÄúGeorgia election data, just revealed, shows that over 17,000 votes illegally flipped from Trump to Biden.‚Äù   This alone (there are many other irregularities) is enough to easily ‚Äúswing Georgia to Trump‚Äù. #StopTheSteal    ",11K,25K,103K,0,['#StopTheSteal'],"['@OANN', '@HawleyMO', '@SenTedCruz', '@Jim_Jordan']",[],tweet_id:1345736811906273282
Donald J. Trump,@realDonaldTrump,2021-01-03T13:57:37.000Z,True,"I spoke to Secretary of State Brad Raffensperger yesterday about Fulton County and voter fraud in Georgia. He was unwilling, or unable, to answer questions such as the ‚Äúballots under table‚Äù scam, ballot destruction, out of state ‚Äúvoters‚Äù, dead voters, and more. He has no clue!",24K,32K,130K,0,[],[],[],tweet_id:1345731043861659650
Donald J. Trump,@realDonaldTrump,2021-01-03T13:29:25.000Z,True,"Republicans in Georgia must be careful of the political corruption in Fulton County, which is rampant. The Governor, , and his puppet Lt. Governor, , have done less than nothing. They are a disgrace to the great people of Georgia!",9.5K,20K,100K,0,[],"['@BrianKempGA', '@GeoffDuncanGA']",[],tweet_id:1345723944654024706
Donald J. Trump,@realDonaldTrump,2021-01-03T13:14:10.000Z,True,"The number of cases and deaths of the China Virus is far exaggerated in the United States because of ‚Äôs ridiculous method of determination compared to other countries, many of whom report, purposely, very inaccurately and low. ‚ÄúWhen in doubt, call it Covid.‚Äù Fake News!",29K,33K,138K,0,[],['@CDCgov'],[],tweet_id:1345720107255926784
Donald J. Trump,@realDonaldTrump,2021-01-03T13:05:34.000Z,True,The vaccines are being delivered to the states by the Federal Government far faster than they can be administered!,10K,14K,105K,0,[],[],[],tweet_id:1345717942978293762
The Epoch Times,@EpochTimes,2021-01-01T00:25:01.000Z,True,"‚ÄúThey fear for their safety and the safety of their families in this hyper-political climate.‚Äù

A #Michigan attorney in the case that led to a #ForensicAudit of #VotingMachines asked the court to keep secret the identities of the forensic investigators. https://theepochtimes.com/michigan-attorney-in-high-profile-case-asks-court-to-keep-some-expert-witnesses-secret_3639298.html?utm_medium=social&utm_source=twitter&utm_campaign=digitalsub‚Ä¶",1K,5.5K,20K,0,"['#Michigan', '#ForensicAudit', '#VotingMachines']",[],[],tweet_id:1344801768027389956
Axios,@axios,2021-01-02T17:09:20.000Z,True,"SCOOP: A  growing number of Republican senators ‚Äî led by Ted Cruz ‚Äî are set to announce today they also will object to certifying state Electoral College votes on Wednesday, congressional sources familiar with their conversations tell Axios.",3.7K,7.4K,25K,0,[],[],[],tweet_id:1345416900579213314
Donald J. Trump,@realDonaldTrump,2021-01-03T02:04:43.000Z,True,,21K,39K,155K,0,[],[],[],tweet_id:1345551634907209730
Donald J. Trump,@realDonaldTrump,2021-01-03T06:25:02.000Z,True,GOP Senators Join Hawley in Objecting to Electoral College Votes https://breitbart.com/politics/2021/01/02/gop-senators-including-cruz-blackburn-to-reject-the-electors-from-disputed-states-january-6/‚Ä¶ via ,7.2K,12K,68K,0,[],['@BreitbartNews'],[],tweet_id:1345617145116450817
Donald J. Trump,@realDonaldTrump,2021-01-03T05:35:17.000Z,True,,5.9K,17K,65K,0,[],[],[],tweet_id:1345604625345490944
Donald J. Trump,@realDonaldTrump,2021-01-03T05:09:46.000Z,True,,9.1K,22K,99K,0,[],[],[],tweet_id:1345598204486819840
Alayna Treene,@alaynatreene,2021-01-02T17:06:42.000Z,False,"NEW: A growing number of Republican senators ‚Äî led by Ted Cruz ‚Äî are set to announce today they also will object to certifying state Electoral College votes on Wednesday, several congressional sources familiar with their conversations tell me",5.2K,8.2K,39K,0,[],[],[],tweet_id:1345416237384392706
Sen. James Lankford,@SenatorLankford,2021-01-02T18:09:43.000Z,True,"Today, I am joining a group of Senators to propose an election commission to resolve the electoral issues. You can view my full statement here: https://facebook.com/SenatorLankford/posts/3852576874804606‚Ä¶",10K,9.5K,47K,0,[],[],[],tweet_id:1345432097608118273
Donald J. Trump,@realDonaldTrump,2021-01-03T02:04:43.000Z,True,,21K,39K,155K,0,[],[],[],tweet_id:1345551634907209730
Donald J. Trump,@realDonaldTrump,2021-01-02T03:09:57.000Z,True,,20K,24K,116K,0,[],[],[],tweet_id:1345205662222057472
Josh Hawley,@HawleyMO,2021-01-02T17:33:30.000Z,True,Glad to see more Senators joining the fight on #JAN6. I hope many more will listen to their constituents and act,14K,15K,73K,0,['#JAN6'],[],[],tweet_id:1345422983385538563
Donald J. Trump,@realDonaldTrump,2021-01-02T23:17:05.000Z,True,So true. Thanks Josh!,9.3K,17K,104K,0,[],[],[],tweet_id:1345509446936571905
Donald J. Trump,@realDonaldTrump,2021-01-02T23:15:13.000Z,True,An attempt to steal a landslide win. Can‚Äôt let it happen!,18K,24K,109K,0,[],[],[],tweet_id:1345508977031974918
Fox News,@FoxNews,2021-01-02T17:28:00.000Z,True,"BREAKING: A coalition of GOP senators and senators-elect, led by Sen. Ted Cruz, will object to the Jan. 6 certification of the election results when a joint session of Congress meets next week unless there is an emergency 10-day audit of the results.",6.5K,10K,47K,0,[],[],[],tweet_id:1345421597360975875
Mark R. Levin,@marklevinshow,2021-01-02T20:55:06.000Z,True,Congratulations to Ted Cruz and these Senate colleagues for stepping up against the mob!,4.6K,10K,51K,0,[],[],[],tweet_id:1345473715501469696
Donald J. Trump,@realDonaldTrump,2021-01-02T22:52:04.000Z,True,"...And after they see the facts, plenty more to come...Our Country will love them for it! #StopTheSteal",9K,18K,90K,0,['#StopTheSteal'],[],[],tweet_id:1345503150745247746
Donald J. Trump,@realDonaldTrump,2021-01-02T22:45:50.000Z,True,"Wow, I guess it‚Äôs not good to go against a President who everyone in Georgia knows got you into office!",5.3K,10K,58K,0,[],[],[],tweet_id:1345501585628155910
Donald J. Trump,@realDonaldTrump,2021-01-02T22:42:08.000Z,True,".@senatemajldr Mitch M, and all!",2.3K,7.8K,40K,0,[],[],[],tweet_id:1345500654694002688
Curt Schilling,@gehrig38,2021-01-02T22:19:08.000Z,False,"You know that sound when a sheet of glass begins to shatter, but slowly? That first hard CRACK!!! Then it spiders out? Listen.......",1.9K,5.5K,25K,0,[],[],[],tweet_id:1345494866583822337
Donald J. Trump,@realDonaldTrump,2021-01-02T22:35:31.000Z,True,Civil War: Tucker Carlson Hits His Own Network in Epic Post-Election Monologue,4.3K,12K,56K,0,[],[],[],tweet_id:1345498987617509378
Bernard B. Kerik,@BernardKerik,2020-12-30T19:17:22.000Z,True,"Listen to , and then ask yourself where is the ?",2K,10K,27K,0,[],"['@JovanHPulitzer', '@FBI']",[],tweet_id:1344361959920193537
Secretary Pompeo,@SecPompeo,2021-01-01T21:30:00.000Z,True,"We never, ever paid to get our people home. Appeasement invites more hostage-taking. We restored America's credibility. No more phony ""redlines"" or pallets of cash to dictators and bullies. #Realism #AmericansFirst",3.3K,16K,68K,0,"['#Realism', '#AmericansFirst']",[],[],tweet_id:1345120110755807232
Donald J. Trump,@realDonaldTrump,2021-01-02T16:20:47.000Z,True,"Why haven‚Äôt they done signature verification in Fulton County, Georgia. Why haven‚Äôt they deducted all of the dead people who ‚Äúvoted‚Äù, illegals who voted, non Georgia residents who voted, and tens of thousands of others who voted illegally, from the final vote tally?",20K,33K,144K,0,[],[],[],tweet_id:1345404682655707136
Donald J. Trump,@realDonaldTrump,2021-01-02T16:20:47.000Z,True,"....Just a small portion of these votes give US a big and conclusive win in Georgia. Have they illegally destroyed ballots in Fulton County? After many weeks, we don‚Äôt yet even have a judge to hear this large scale voter fraud case. The only judge seems to be Stacey‚Äôs sister!",9.7K,17K,86K,0,[],[],[],tweet_id:1345404684723507200
Donald J. Trump,@realDonaldTrump,2021-01-02T14:22:13.000Z,True,MAKE AMERICA GREAT AGAIN!,54K,61K,396K,0,[],[],[],tweet_id:1345374846742646784
Donald J. Trump,@realDonaldTrump,2021-01-02T14:12:51.000Z,True,"Will be in Georgia on Monday night, 9:00 P.M. to RALLY for two GREAT people,  & . GET READY TO VOTE ON TUESDAY!!!",12K,20K,124K,0,[],"['@sendavidperdue', '@KLoeffler']",[],tweet_id:1345372487337598977
Donald J. Trump,@realDonaldTrump,2021-01-02T11:49:20.000Z,True,"TRANSPARENCY in medical pricing will be one of the biggest and most important things done for the American citizen. It was just put into service, January 1, against long odds and bitter opposition. Final lawsuits won last week. Enjoy all the extra money you will have!",11K,26K,151K,0,[],[],[],tweet_id:1345336370085171200
Donald J. Trump,@realDonaldTrump,2021-01-02T11:38:54.000Z,True,"For historical purposes remember, I was able to get rid of the INDIVIDUAL MANDATE, the most unpopular and expensive part of ObamaCare. You are no longer forced to pay a fortune for the ‚Äúprivilege‚Äù of NOT getting bad healthcare. This ended ObamaCare as we knew it. Thank you!",18K,27K,158K,0,[],[],[],tweet_id:1345333742987055104
Donald J. Trump,@realDonaldTrump,2021-01-02T03:09:57.000Z,True,,20K,24K,116K,0,[],[],[],tweet_id:1345205662222057472
Donald J. Trump,@realDonaldTrump,2021-01-01T04:46:02.000Z,True,,10K,25K,90K,0,[],[],[],tweet_id:1344867453915029504
Donald J. Trump,@realDonaldTrump,2021-01-01T04:46:28.000Z,True,,16K,30K,118K,0,[],[],[],tweet_id:1344867566456627201
Donald J. Trump,@realDonaldTrump,2021-01-02T00:27:54.000Z,True,Some States are very slow to inoculate recipients despite successful and very large scale distribution of vaccines by the Federal Government. They will get it done!,12K,13K,92K,0,[],[],[],tweet_id:1345164883080470533
Donald J. Trump,@realDonaldTrump,2021-01-02T00:10:12.000Z,True,"Because of the Trump Administration, hospitals are now required, effective immediately, to publish their REAL PRICES, which will create competition and drive downs costs MASSIVELY. Won lawsuit last week. Bigger than healthcare, it‚Äôs called PRICE TRANSPARENCY....",11K,37K,204K,0,[],[],[],tweet_id:1345160427337084931
Donald J. Trump,@realDonaldTrump,2021-01-02T00:10:12.000Z,True,....Please remember who got it done!!!,17K,18K,151K,0,[],[],[],tweet_id:1345160429165817858
Donald J. Trump,@realDonaldTrump,2021-01-01T23:57:46.000Z,True,"Only because Biden got very few votes, just like the Election!",8.9K,13K,71K,0,[],[],[],tweet_id:1345157300588335104
Donald Trump Jr.,@DonaldJTrumpJr,2020-12-29T15:31:03.000Z,True,"Judge blocks voter purge in 2 Georgia counties. 

Don‚Äôt believe these things are rigged? 

THE JUDGE IS STACY ABRAMS‚Äô SISTER!!! WTF.",7.5K,22K,58K,0,[],[],[],tweet_id:1343942613666320384
Donald J. Trump,@realDonaldTrump,2021-01-01T23:53:52.000Z,True,Herschel is speaking the truth!,5.9K,20K,91K,0,[],[],[],tweet_id:1345156316076060674
Donald J. Trump,@realDonaldTrump,2021-01-01T23:51:39.000Z,True,Thank you Madison!,4.5K,14K,76K,0,[],[],[],tweet_id:1345155760490164225
Donald Trump Jr.,@DonaldJTrumpJr,2020-12-31T00:22:01.000Z,True,"Alec Baldwin should play Alec Baldwin when SNL parodies his wife pretending she‚Äôs Spanish for the last few decades as opposed to the basic white girl from Mass that she actually is. 

It would be the first funny thing Saturday Night Live has produced in years.",12K,19K,104K,0,[],[],[],tweet_id:1344438626017566721
Donald J. Trump,@realDonaldTrump,2021-01-01T23:47:56.000Z,True,"Republicans should have gotten rid of Section 230 in the Defense Bill, and you wouldn‚Äôt have had this problem. Never learn!!!",5K,16K,64K,0,[],[],[],tweet_id:1345154826171260928
Donald J. Trump,@realDonaldTrump,2021-01-01T23:38:20.000Z,True,January 6th. See you in D.C.,8.6K,31K,104K,0,[],[],[],tweet_id:1345152408591204352
Donald J. Trump,@realDonaldTrump,2020-12-30T01:40:52.000Z,True,,18K,22K,100K,0,[],[],[],tweet_id:1344096082230472704
Donald J. Trump,@realDonaldTrump,2021-01-01T23:27:00.000Z,True,"Before even discussing the massive corruption which took place in the 2020 Election, which gives us far more votes than is necessary to win all of the Swing States (only need three), it must be noted that the State Legislatures were not in any way responsible for the massive....",9K,24K,109K,0,[],[],[],tweet_id:1345149555390771201
Donald J. Trump,@realDonaldTrump,2021-01-01T23:27:00.000Z,True,"....changes made to the voting process, rules and regulations, many made hastily before the election, and therefore the whole State Election is not legal or Constitutional. Additionally, the Georgia Consent Decree is Unconstitutional & the State 2020 Presidential Election....",2.6K,13K,72K,0,[],[],[],tweet_id:1345149556967800832
Donald J. Trump,@realDonaldTrump,2021-01-01T23:27:00.000Z,True,"....is therefore both illegal and invalid, and that would include the two current Senatorial Elections. In Wisconsin, Voters not asking for applications invalidates the Election. All of this without even discussing the millions of fraudulent votes that were cast or altered!",7.1K,14K,75K,0,[],[],[],tweet_id:1345149558154797056
Donald J. Trump,@realDonaldTrump,2021-01-01T20:56:16.000Z,True,"Our Republican Senate just missed the opportunity to get rid of Section 230, which gives unlimited power to Big Tech companies. Pathetic!!! Now they want to give people ravaged by the China Virus $600, rather than the $2000 which they so desperately need. Not fair, or smart!",17K,30K,139K,0,[],[],[],tweet_id:1345111621430091777
Donald J. Trump,@realDonaldTrump,2021-01-01T20:36:17.000Z,True,. Weekend Daytime is not watchable. Switching over to !,18K,20K,128K,0,[],"['@FoxNews', '@OANN']",[],tweet_id:1345106595114606593
Donald J. Trump,@realDonaldTrump,2021-01-01T20:34:14.000Z,True,A great honor!,8.2K,14K,70K,0,[],[],[],tweet_id:1345106078141394944
Donald J. Trump,@realDonaldTrump,2021-01-01T20:27:23.000Z,True,NOW!,4.1K,12K,54K,0,[],[],[],tweet_id:1345104354358026240
Donald J. Trump,@realDonaldTrump,2021-01-01T20:10:26.000Z,True,"Massive amounts of evidence will be presented on the 6th. We won, BIG!",15K,31K,117K,0,[],[],[],tweet_id:1345100089505755139
Donald J. Trump,@realDonaldTrump,2021-01-01T19:53:03.000Z,True,"The BIG Protest Rally in Washington, D.C., will take place at 11.00 A.M. on January 6th. Locational details to follow. StopTheSteal!",26K,42K,191K,0,[],[],[],tweet_id:1345095714687377418
Donald J. Trump,@realDonaldTrump,2021-01-01T18:40:02.000Z,True,"I hope to see the great Governor of South Dakota , run against RINO , in the upcoming 2022 Primary. She would do a fantastic job in the U.S. Senate, but if not Kristi, others are already lining up. South Dakota wants strong leadership, NOW!",10K,18K,104K,0,[],"['@KristiNoem', '@SenJohnThune']",[],tweet_id:1345077337633787905
Team Trump (Text TRUMP to 88022),@TeamTrump,2021-01-01T14:02:00.000Z,True,"GeorgiaContact House Speaker David Ralston & Senate Majority Leader Mike Dugan!

They must:Hear the evidenceCorrect false statementsDemand a vote on decertification

Ralston:
(404) 656-5020
david.ralston@house.ga.gov

Dugan:
(404) 463-2478
mike.dugan@senate.ga.gov",3.8K,13K,43K,0,[],[],"['\\U0001f6a8', '\\U0001f6a8', '\\u2705', '\\u2705', '\\u2705']",tweet_id:1345007368258596864
Kylie Jane Kremer,@KylieJaneKremer,2020-12-19T20:50:14.000Z,True,"The calvary is coming, Mr. President!

JANUARY 6th | Washington, DChttp://TrumpMarch.com #MarchForTrump #StopTheSteal",10K,11K,38K,0,"['#MarchForTrump', '#StopTheSteal']",[],"['\\U0001f1fa\\U0001f1f8', '\\U0001f1fa\\U0001f1f8', '\\U0001f1fa\\U0001f1f8', '\\U0001f1fa\\U0001f1f8', '\\U0001f1fa\\U0001f1f8']",tweet_id:1340399063875895296
Donald J. Trump,@realDonaldTrump,2021-01-01T15:32:11.000Z,True,,16K,24K,90K,0,[],[],[],tweet_id:1345030062995877889
Donald J. Trump,@realDonaldTrump,2021-01-01T13:30:01.000Z,True,HAPPY NEW YEAR!,58K,55K,508K,0,[],[],[],tweet_id:1344999320831946754
Donald J. Trump,@realDonaldTrump,2021-01-01T04:46:28.000Z,True,,16K,30K,118K,0,[],[],[],tweet_id:1344867566456627201
Donald J. Trump,@realDonaldTrump,2021-01-01T04:46:02.000Z,True,,10K,25K,90K,0,[],[],[],tweet_id:1344867453915029504
Donald J. Trump,@realDonaldTrump,2021-01-01T03:52:33.000Z,True,Sen. Josh Hawley Slams Walmart Tweet Calling Him a ‚ÄòSore Loser‚Äò https://breitbart.com/politics/2020/12/30/sen-josh-hawley-slams-walmart-tweet-calling-him-sore-loser-for-objecting-to-electoral-college-results/‚Ä¶ via  America is proud of Josh and the many others who are joining him. The USA cannot have fraudulent elections!,12K,20K,92K,0,[],['@BreitbartNews'],[],tweet_id:1344853996977197056
Donald J. Trump,@realDonaldTrump,2021-01-01T03:44:48.000Z,True,"Finished off the year with the highest Stock Market in history. Setting records with your 401k‚Äôs, just like I said you would. Congratulations to all!",32K,36K,262K,0,[],[],[],tweet_id:1344852043681435648
Donald J. Trump,@realDonaldTrump,2020-12-31T18:52:03.000Z,True,,29K,34K,156K,0,[],[],[],tweet_id:1344717975891402759
Donald J. Trump,@realDonaldTrump,2020-12-31T01:13:12.000Z,True,,21K,24K,106K,0,[],[],[],tweet_id:1344451507060617216
Donald J. Trump,@realDonaldTrump,2020-12-30T21:51:06.000Z,True,We now have far more votes than needed to flip Georgia in the Presidential race. Massive VOTER FRAUD took place. Thank you to the Georgia Legislature for today‚Äôs revealing meeting!,33K,49K,225K,0,[],[],[],tweet_id:1344400646066331648
Donald J. Trump,@realDonaldTrump,2020-12-30T21:38:11.000Z,True,"., his puppet Lt. Governor , and Secretary of State, are disasters for Georgia. Won‚Äôt let professionals get anywhere near Fulton County for signature verifications, or anything else. They are virtually controlled by  & the Democrats. Fools!",15K,24K,105K,0,[],"['@BrianKempGA', '@GeoffDuncanGA', '@staceyabrams']",[],tweet_id:1344397397280088070
Donald J. Trump,@realDonaldTrump,2020-12-30T21:27:38.000Z,True,Watching  is almost as bad as watching Fake News . New alternatives are developing!,21K,28K,168K,0,[],"['@FoxNews', '@CNN']",[],tweet_id:1344394741031514115
Donald J. Trump,@realDonaldTrump,2020-12-30T19:38:44.000Z,True,"The United States had more votes than it had people voting, by a lot. This travesty cannot be allowed to stand. It was a Rigged Election, one not even fit for third world countries!",26K,43K,180K,0,[],[],[],tweet_id:1344367336715857921
Donald J. Trump,@realDonaldTrump,2020-12-30T19:06:51.000Z,True,"JANUARY SIXTH, SEE YOU IN DC!",37K,76K,325K,0,[],[],[],tweet_id:1344359312878149634
Donald J. Trump,@realDonaldTrump,2020-12-30T19:05:45.000Z,True,"Twitter is shadow banning like never before. A disgrace that our weak and ineffective political leadership refuses to do anything about Big Tech. They‚Äôre either afraid or stupid, nobody really knows!",19K,35K,163K,0,[],[],[],tweet_id:1344359034716106755
Donald J. Trump,@realDonaldTrump,2020-12-30T19:02:43.000Z,True,"Thank you, a great honor! https://africaworldnewspaper.com/president-donald-j-trump-is-africaworld-man-of-the-year-2020/‚Ä¶",14K,25K,131K,0,[],[],[],tweet_id:1344358271570874368
